,activity,intensity,length,A,C,D,E,F,G,H,I,K,L,M,N,P,Q,R,S,T,V,W,Y,Complexity,FCR,NCPR,kappa,hydro,aro count,aro+arg count,A_LCS,C_LCS,D_LCS,E_LCS,F_LCS,G_LCS,H_LCS,I_LCS,K_LCS,L_LCS,M_LCS,N_LCS,P_LCS,Q_LCS,R_LCS,S_LCS,T_LCS,V_LCS,W_LCS,Y_LCS
ATMIN,0.8568,1.0855,0.30782,0.22702,0.26669,0.31907,0.15377,0.47284,0.28172,0.25675,0.50442,0.19912,0.52364,0.26387,0.64976,0.42655,0.37129,0.10405,0.74511,0.83892,0.30561,0.12637,0.07511,0.69182,0.20833,0.34299,0.06865,0.49629,0.39216,0.29381,0.33333,0,0,0,0,0,0,0,0,0,0,0,0,0,0,0.33333,0,0,0,0
ATXN7L3,0.7291,0.9582,0.10432,0.0412,0.3329,0.64257,0.19114,0.36495,0.33979,0.20298,0.4728,0.56001,0.42211,0.28332,0.93423,0.27671,0.09157,0.29635,0.86355,0.39566,0.09478,0.29971,0.22024,0.71523,0.53087,0.493,0.36362,0.21452,0.17647,0.15464,0,0,0.92308,0,0,0,0,0,0.45455,0,0,0,0.21951,0,0,0.5,0,0,0,0
BBX,1.1715,1.3409,0.35827,0.13849,0.23324,0.42064,0.36221,0.33573,0.30526,0.27445,0.41171,0.87892,0.35069,0.32358,0.34652,0.37979,0.11288,0.26379,0.60211,0.53052,0.14005,0.24867,0.05819,0.63898,0.68163,0.6056,0.35649,0.16141,0.40196,0.41237,0,0,0,0.23256,0,0,0,0,1,0,0,0,0,0,0,0.33333,0,0,0,0
C3orf62,1.343,0.848,0.07012,0.31551,0.34612,0.38574,0.39755,0.33884,0.08832,0.43967,0.37657,0.33899,0.65662,0.45838,0.71141,0.32813,0.07551,0.33097,0.43461,0.41334,0.12176,0.38951,0.14815,0.7956,0.50705,0.30504,0.09182,0.36142,0.11765,0.10825,0,0,0,0,0,0,0,0,0,0,0,0,0,0,0,0,0,0,0,0
CCDC101,1.6042,1.1045,0.08123,0.3232,0.1577,0.40502,0.28328,0.04254,0.1507,0.24039,0.63007,0.45291,0.63739,0.18489,0.30707,0.40316,0.27172,0.45548,0.24634,0.51285,0.40264,0.26621,0.55617,0.7209,0.53492,0.53638,0.16295,0.36462,0.14706,0.15464,0,0,0,0,0,0,0,0,0,0,0,0,0,0,0,0,0,0,0,0
CCNC,1.0175,1.161,0.07696,0.15307,0.28573,0.24138,0.22733,0.68498,0.0453,0.20741,0.6563,0.39319,0.85851,0.48513,0.37944,0.28393,0.38641,0.24864,0.3072,0.31439,0.47606,0.55124,0.67605,0.89061,0.35794,0.50588,0.03473,0.60571,0.31373,0.20103,0,0,0,0,0,0,0,0,0,0,0,0,0,0,0,0,0,0,0,0
CDK9,1.0006,1.6327,0.11501,0.1316,0.21737,0.38858,0.18331,0.4541,0.26207,0.25245,0.62834,0.47449,0.83427,0.39038,0.64629,0.25444,0.22094,0.37636,0.24552,0.4488,0.46355,0.34946,0.46267,0.8972,0.45124,0.60198,0.08765,0.49035,0.28431,0.23711,0,0,0,0,0,0,0,0,0,0,0,0,0,0,0,0,0,0,0,0
CEBPB,1.6659,1.0911,0.10346,0.62786,0.23438,0.22228,0.17854,0.32416,0.50966,0.27221,0.05599,0.38965,0.47789,0.09499,0.19421,0.88953,0.03969,0.25218,0.43193,0.24899,0.01934,0.07536,0.42308,0.29972,0.32387,0.55769,0.06595,0.40079,0.18627,0.14948,0.27778,0,0,0,0,0,0,0,0,0,0,0,0.46341,0,0,0.46667,0,0,0,0
CEP72,0.9176,0.7459,0.23258,0.20398,0.24996,0.29912,0.32946,0.14413,0.31237,0.50803,0.08957,0.24873,0.94128,0.23464,0.11644,0.27116,0.36995,0.43844,0.73253,0.39617,0.31267,0.16074,0.15475,0.5314,0.44687,0.40918,0.08659,0.36489,0.20588,0.30928,0,0,0,0,0,0,0,0,0,0,0,0,0,0,0,0,0,0,0,0
CITED2,1.6705,1.511,0.0714,0.22124,0.12835,0.18516,0.00461,0.50076,1,1,0.21006,0,0.21552,1,1,0.53677,0.34625,0.08781,0.55559,0.25562,0.11673,0.0963,0.14584,0.50206,0,0.40658,0.11228,0.37076,0.11765,0.06701,0,0,0,0,0,0,0,0,0,0,0,0,0,0,0,0,0,0,0,0
CREBBP,3.0374,1.5197,1,0.1938,0.23652,0.13176,0.08958,0.19016,0.42476,0.30766,0.33315,0.24563,0.38554,0.54375,0.65182,0.66725,0.81282,0.20198,0.50742,0.51137,0.32365,0.14906,0.18463,0.70193,0.17209,0.5626,0.11343,0.32302,1,1,0,0,0,0.18605,0,1,0,0,0.68182,0,0,0,1,1,0,0,0,0,0,0
DCAF7,1.7562,1.1409,0.10218,0.18467,0.37155,0.53238,0.16664,0.28406,0.29894,0.4119,0.73568,0.13037,0.5628,0.33691,0.76163,0.26288,0.06883,0.32595,0.25619,0.58284,0.61186,0.83626,0.46791,1,0.32937,0.32295,0.04987,0.54752,0.28431,0.21649,0,0,0,0,0,0,0,0,0,0,0,0,0,0,0,0,0,0,0,0
DDIT3,1.7102,1.2399,0.02822,0.24559,0,0.16908,0.7886,0.1554,0.18261,0.20839,0.14525,0.2444,0.49294,0.19617,0.34378,0.28553,0.40013,0.45012,0.66618,0.55986,0.14588,0.46154,0.10446,0.30014,0.68281,0.05637,0.56872,0.08084,0.03922,0.05155,0,0,0,0,0,0,0,0,0,0,0,0,0,0,0,0.5,0,0,0,0
DDX1,0.9263,1.2054,0.27234,0.13313,0.26538,0.46258,0.19843,0.51806,0.59798,0.39659,0.71071,0.51828,0.48929,0.25977,0.47656,0.21296,0.23571,0.20527,0.24742,0.45149,0.63129,0.31622,0.29664,0.90299,0.43557,0.48776,0.02872,0.47945,0.53922,0.40722,0,0,0,0,0,0,0,0,0,0,0,0,0,0,0,0,0,0,0,0
DGKG,0.9926,1.0353,0.29414,0.08429,0.40891,0.43292,0.21537,0.4205,0.45559,0.37102,0.51104,0.39218,0.57752,0.48616,0.49833,0.31682,0.14911,0.29603,0.35474,0.47126,0.4503,0.39444,0.34386,0.98564,0.4212,0.46068,0.06522,0.45146,0.57843,0.48454,0,0,0,0,0,0,0,0,0,0,0,0,0,0,0,0,0,0,0,0
EAF1,1.138,1.1923,0.07054,0.02662,0.12931,0.53993,0.20987,0.169,0.39448,0.21901,0.48293,0.28123,0.28579,0.27236,0.52816,0.75566,0.35034,0.32928,0.89311,0.52689,0.12007,0,0.14738,0.48454,0.41676,0.37249,0.09741,0.15158,0.04902,0.07216,0,0,0,0,0,0,0,0,0,0,0,0,0.21951,0,0,0.56667,0,0,0,0
ELF4,1.5931,0.9378,0.23942,0.23164,0.03485,0.30281,0.16836,0.25126,0.37549,0.17706,0.45642,0.26271,0.69652,0.25146,0.30458,0.55229,0.23072,0.1825,0.70198,0.83587,0.43903,0.15686,0.17051,0.54167,0.26563,0.41826,0.22609,0.51566,0.26471,0.23711,0,0,0,0,0,0,0,0,0,0,0,0,0,0,0,0,0,0,0,0
ELL2,1.0828,1.3745,0.22959,0.1177,0.1444,0.32098,0.2411,0.19387,0.21465,0.33016,0.63541,0.52272,0.50668,0.13555,0.77281,0.3845,0.34732,0.3692,0.60241,0.44931,0.23572,0.08125,0.4608,0.75568,0.48248,0.60363,0.11407,0.2223,0.34314,0.35052,0,0,0,0,0,0,0,0,0.59091,0,0,0,0,0,0,0,0,0,0,0
ELL3,0.9111,1.5662,0.12569,0.15003,0.23278,0.27216,0.38961,0.26713,0.31852,0.35484,0.39914,0.15367,0.72098,0.11142,0.19198,0.33151,0.56679,0.588,0.53435,0.23583,0.31194,0.32746,0.35982,0.67389,0.4921,0.39332,0.22918,0.29263,0.22549,0.26804,0,0,0,0,0,0,0,0,0,0,0,0,0,0,0,0,0,0,0,0
EP300,3.026,1.2143,0.98803,0.15,0.24405,0.1313,0.08382,0.16254,0.44175,0.33554,0.33831,0.22487,0.40773,0.70773,0.68757,0.69678,0.86287,0.21238,0.44919,0.47522,0.25888,0.12925,0.19897,0.69643,0.16428,0.56141,0.10609,0.30446,0.95098,0.98454,0,0,0,0.18605,0,0,0,0,0.68182,0,0,0,0.90244,0.625,0,0,0,0,0,0
FAM90A1,1.728,0.9815,0.15434,0.30324,0.24896,0.18097,0.1652,0.18011,0.39157,0.3289,0.04413,0.35834,0.50379,0.11696,0.21452,0.86762,0.31645,0.48569,0.60463,0.41658,0.30596,0.1681,0,0.42496,0.37727,0.69849,0.09863,0.27044,0.09804,0.20103,0,0,0,0,0,0,0,0,0,0,0,0,0,0,0,0.23333,0,0,0,0
FAM9A,1.6,0.9196,0.09791,0.51356,0.06959,0.23893,1,0.06972,0.38708,0.21215,0.41189,0.72615,0.1558,0.15195,0.15853,0.13778,0.21615,0.41202,0.08119,0.41577,0.11403,0.15663,0.10743,0,1,0.10209,0.92997,0,0.05882,0.1134,0.33333,0,0,1,0,0.57692,0,0,0,0,0,0,0,0,0,0,0,0,0,0
FERD3L,1.3354,1.6009,0.02693,0.25279,0.27835,0.36517,0.5952,0.52221,0.3375,0,0.32456,0.20556,0.66813,0.30044,0.15853,0.29168,0.0213,0.89618,0.26706,0.32272,0.39739,0,0.27471,0.3629,0.77107,0.37128,0.72802,0.33931,0.06863,0.1134,0,0,0,0.16279,0,0,0,0,0,0,0,0,0,0,0,0,0,0,0,0
FOS,1.5024,1.4601,0.11843,0.35344,0.24319,0.34856,0.28162,0.52126,0.25322,0.15446,0.19311,0.16553,0.50521,0.33691,0.20649,0.53366,0.01749,0.2813,0.88773,0.60091,0.30535,0.13684,0.19591,0.51933,0.34305,0.29421,0.18096,0.49328,0.20588,0.17526,0,0,0,0,0,0,0,0,0,0,0,0,0,0,0,0.3,0,0,0,0
FOXR2,0.8261,1.2564,0.08893,0.0018,0.44573,0.47091,0.3237,0.51668,0.15928,0.26422,0.30743,0.32361,0.70125,0.27434,0.59205,0.58203,0.42263,0.24124,0.51264,0.28162,0.05767,0.83601,0.16337,0.7946,0.44882,0.27598,0.13645,0.27302,0.23529,0.16495,0,0,0,0.2093,0,0,0,0,0,0,0,0,0,0,0,0.33333,0,0,0,0
GADD45B,1.5004,0.8684,0.02437,0.29806,0.43319,0.51745,0.37331,0.07651,0.15035,0.29348,0.52215,0.02957,0.81442,0.31529,0.57168,0.10508,0.43396,0.23107,0.23815,0.59413,0.92868,0.325,0.20048,0.65074,0.37286,0.03109,0.6012,0.62466,0.02941,0.02062,0,0,0,0,0,0,0,0,0,0,0,0,0,0,0,0,0,0,0,0
GADD45G,1.0648,1.0914,0.02394,0.3614,0.43591,0.58788,0.37644,0.26665,0.46285,0.22149,0.70849,0.07772,0.7085,0.11116,0.47492,0.22659,0.20547,0.18273,0.24031,0.40387,0.76756,0.32704,0.02748,0.62782,0.39549,0,0.22998,0.66997,0.02941,0.01546,0,0,0,0,0,0,0,0,0,0,0,0,0,0,0,0,0,0,0,0
GATA1,1.7931,1.6333,0.13254,0.27805,0.33564,0.07616,0.04429,0.32522,0.858,0.17054,0.02832,0.1616,0.64006,0.18299,0.37421,0.67222,0,0.26865,0.576,0.84816,0.31956,0.18886,0.4108,0.45674,0.12154,0.61408,0.22007,0.55391,0.2451,0.20103,0.125,0,0,0,0,0,0,0,0,0,0,0,0,0,0,0,0,0,0,0
GORASP1,0.8791,0.677,0.14408,0.21881,0.10502,0.3448,0.30544,0.29843,0.6086,0.29348,0.21739,0.07654,0.62621,0.24059,0.23343,0.65665,0.19767,0.09864,0.70565,0.53562,0.4018,0.29545,0.19259,0.52235,0.25493,0.11995,0.06343,0.46647,0.20588,0.13918,0,0,0,0,0,0.5,0,0,0,0,0,0,0,0,0,0,0,0,0,0
GTF2E2,1.0511,1.4673,0.08038,0.06202,0.0397,0.48121,0.21766,0.40497,0.32251,0.32273,0.53554,0.8958,0.64348,0.18681,0.47596,0.16489,0.27498,0.32135,0.64931,0.30438,0.3615,0.17869,0.22642,0.58308,0.64114,0.75157,0.30659,0.23876,0.13725,0.12371,0,0,0,0,0,0,0,0,0,0,0,0,0,0,0,0.36667,0,0,0,0
GTF2H3,1.087,1.5466,0.08764,0.17509,0.41256,0.40943,0.11797,0.5228,0.24254,0.22868,0.87633,0.47423,0.82677,0.38465,0.70359,0.25645,0.24868,0.0882,0.40734,0.25141,0.58506,0.25325,0.30078,0.83338,0.31377,0.49137,0.20853,0.69192,0.19608,0.1134,0,0,0,0,0,0,0,0,0.36364,0,0,0,0,0,0,0,0,0,0,0
GZMH,0.7773,0.7769,0.06114,0.14043,0.32871,0.05264,0.0779,0.49941,0.54428,0.33404,0.59508,0.53017,0.66112,0.23847,0.32559,0.38677,0.36212,0.30417,0.28553,0.6203,0.54285,0.31707,0.27879,0.84061,0.29101,0.83285,0.10877,0.54675,0.14706,0.1134,0,0,0,0,0,0,0,0,0,0.27586,0,0,0,0,0,0,0,0,0,0
HOXA13,1.5044,1.1705,0.12185,1,0.17863,0.01312,0.09365,0.27591,0.58411,0.33281,0.11209,0.25666,0.18971,0.32799,0.40685,0.55445,0.10825,0.21087,0.4078,0.26899,0.11904,0.33505,0.51269,0.27178,0.1489,0.62105,0.22604,0.54341,0.26471,0.19072,1,0,0,0,0,0,0,0,0,0,0,0,0,0,0,0,0,0,0,0
HOXB2,1.1894,1.2094,0.10817,0.37406,0.29204,0.20914,0.28103,0.6905,0.4659,0.1319,0.17296,0.14198,0.63147,0.04294,0.13893,0.89624,0.21396,0.33097,0.53091,0.35548,0.08401,0.2191,0.01816,0.35869,0.31271,0.3678,0.17542,0.46292,0.19608,0.17526,0,0,0,0,0,0,0,0,0,0,0,0,0.5122,0,0,0,0,0,0,0
HSF1,1.7137,1.214,0.18213,0.14719,0.10918,0.51014,0.17666,0.3715,0.29289,0.28849,0.35378,0.27222,0.74979,0.27723,0.32399,0.58529,0.20041,0.16811,0.80262,0.43718,0.50712,0.14745,0.15012,0.58777,0.32682,0.32004,0.04137,0.4839,0.23529,0.19072,0,0,0,0,0,0,0,0,0,0,0,0,0,0,0,0,0,0,0,0
ID3,1.1698,1.4888,0.00684,0.21091,0.48537,0.32539,0.25201,0.01496,0.395,0.29594,0.61885,0.07812,0.955,0.18065,0.13817,0.58945,0.18691,0.48729,0.35627,0.21011,0.68517,0,0.29017,0.51201,0.36011,0.39322,0.05354,0.6327,0,0.01546,0,0,0,0,0,0,0,0,0,0,0,0,0.29268,0,0,0,0,0,0,0
JAZF1,2.0839,0.8157,0.05985,0.10446,0.33277,0.18516,0.24427,0.44512,0.31588,0.43478,0.72312,0.38347,0.23026,0.24259,0.46367,0.4185,0.14089,0.37556,0.7136,0.71333,0.22181,0.107,0.3401,0.82889,0.39459,0.57943,0.41702,0.32597,0.12745,0.1134,0,0,0,0,0,0,0,0,0,0,0,0,0,0,0,0,0,0,0,0
KDELC2,1.5377,0.9126,0.17272,0.11277,0.15949,0.33442,0.24863,0.45171,0.28001,0.2547,0.40259,0.42226,0.82843,0.29341,0.34378,0.38631,0.23608,0.38672,0.28751,0.31611,0.62302,0.35897,0.70692,0.83013,0.45794,0.54113,0.04522,0.4617,0.4902,0.39175,0,0,0,0,0,0,0,0,0,0.34483,0,0,0,0,0,0,0,0,0,0
KLF15,1.4791,1.2138,0.13382,0.15932,0.38876,0.22527,0.12683,0.3943,0.75176,0.42329,0.23639,0.28608,0.46149,0.14147,0.21585,0.71304,0.15405,0.28516,0.70295,0.19804,0.54101,0.25,0.10703,0.58756,0.26604,0.55959,0.16189,0.45272,0.18627,0.17526,0,0,0,0.27907,0,0.34615,0,0,0,0,0,0,0,0,0,0.46667,0,0,0,0
KLF6,1.7819,1.1999,0.07696,0.00011,0.48983,0.2784,0.33286,0.41956,0.30702,0.49777,0.29772,0.36664,0.51054,0.07866,0.15203,0.3742,0.05985,0.39064,0.96137,0.49634,0.19113,0.45936,0.28357,0.66413,0.47157,0.45851,0.07241,0.28733,0.17647,0.15464,0,0,0,0,0,0,0,0,0,0,0,0,0,0,0,0.46667,0,0,0,0
KLF7,1.7315,1.6006,0.08508,0.29308,0.49726,0.28282,0.2052,0.33642,0.22325,0.50533,0.17593,0.36145,0.75921,0.01329,0.13414,0.24148,0.19642,0.35848,0.64455,0.6325,0.42527,0.25828,0.26197,0.6829,0.38411,0.55027,0.07279,0.47954,0.14706,0.13918,0.16667,0,0,0,0,0,0,0,0,0,0,0,0,0,0,0,0,0,0,0
LHX3,1.0081,1.6358,0.12569,0.27118,0.40737,0.40412,0.16393,0.41849,0.60874,0.26613,0.07049,0.26725,0.58568,0.15282,0.11093,0.47629,0.2409,0.50703,0.46527,0.41742,0.31194,0.26196,0.32485,0.7057,0.4111,0.56216,0.08268,0.38486,0.2451,0.25773,0,0,0,0,0,0,0,0,0,0,0,0,0,0,0,0,0,0,0,0
MAFB,0.6429,0.8641,0.09406,0.26409,0.14306,0.2188,0.21459,0.35382,0.30036,0.98129,0.02256,0.23765,0.49966,0.20972,0.31608,0.57815,0.34223,0.35221,0.61707,0.39686,0.29287,0.0805,0.24105,0.62286,0.32132,0.49204,0.10741,0.23362,0.13725,0.13918,0,0,0,0,0,0,1,0,0,0,0,0,0,0,0,0.33333,0,0,0,0
MBD3L2,1.127,1.2564,0.04489,0.379,0.22215,0.04896,0.1388,0.17762,0.47479,0.28219,0.23639,0.24995,0.74125,0.4575,0.02246,0.59022,0.28734,1,0.35682,0.34658,0.18565,0.125,0.00691,0.36835,0.46983,1,0.28964,0.36636,0.01961,0.12887,0,0,0,0,0,0,0,0,0,0,0,0,0,0,0,0,0,0,0,0
MEAF6,1.1129,1.3092,0.03762,0.25006,0,0.45539,0.29253,0.20333,0.22953,0.36877,0.34331,0.59686,0.36065,0.16257,0.96287,0.24636,0.33084,0.51063,0.61329,0.38183,0.09093,0.13613,0.30361,0.60435,0.63046,0.62286,0.30661,0.02647,0.05882,0.07732,0,0,0,0,0,0,0,0,0,0,0,0,0,0,0,0.36667,0,0,0,0
MED10,0.9691,1.5412,0.01368,0.02529,0.17114,0.49562,0.35488,0.66768,0.2075,0.34783,0.96175,0.61231,0.67972,0.26964,0.46367,0.22926,0.55162,0.23665,0.25085,0.25562,0.3656,0,0.24869,0.68597,0.58466,0.40658,0.06465,0.37135,0.05882,0.03093,0,0,0,0,0,0,0,0,0,0,0,0,0,0,0,0,0,0,0,0
MED11,0.8088,1.143,0.00599,0.46378,0.19747,0.24486,0.38608,0.01712,0.12309,0.20067,0.50744,0.20981,0.82255,0.32582,0.41783,0,0.43051,0.56637,0.42275,0.56663,0.35794,0,0.41482,0.41662,0.49638,0.42949,0.0124,0.45577,0.0098,0.02577,0,0,0,0,0,0,0,0,0,0,0,0,0,0,0,0,0,0,0,0
MED20,0.9343,1.1377,0.0466,0.18746,0.43591,0.14305,0.15731,0.66821,0.57931,0.22149,0.22982,0.27858,0.51143,0.60209,0.24723,0.21654,0.3653,0.14482,0.34812,0.67914,1,0.12264,0.46408,0.81081,0.20704,0.4848,0.04282,0.69509,0.15686,0.08763,0,0,0,0,0,0,0,0,0,0,0,0,0,0,0,0,0,0,0,0
MED21,0.9859,1.228,0.01753,0.54857,0.24066,0.59749,0.22122,0.2017,0.07034,0.16304,0.69329,0.1496,0.8082,0.1327,0.6499,0.21152,0.63291,0.1027,0.46671,0.52262,0.13539,0,0.2294,0.43071,0.30586,0.1335,0.10241,0.54709,0.01961,0,0,0,0,0,0,0,0,0,0,0,0,0,0,0,0,0,0,0,0,0
MED22,1.043,1.617,0.04147,0.30407,0.17328,0.63533,0.34843,0.11406,0.17093,0.23478,0.68524,0.22683,0.82561,0.23312,0.51135,0.26475,0.39931,0.2813,0.51242,0.41391,0.07193,0,0.35667,0.58318,0.48613,0.14839,0.13532,0.38953,0.04902,0.04639,0,0,0,0,0,0,0,0,0,0,0,0,0,0,0,0,0,0,0,0
MED25,1.1204,1.1161,0.27533,0.26567,0.13918,0.02151,0.04215,0.29094,0.73412,0.22001,0.29545,0.12005,0.73405,0.21244,0.32008,0.97993,0.66461,0.1269,0.32673,0.36408,0.49634,0.17403,0.20036,0.35509,0.03731,0.53579,0.03253,0.55728,0.34314,0.26804,0.18056,0,0,0,0,0,0,0,0,0,0,0,0.90244,0,0,0,0,0,0,0
MED29,1.0545,1.2054,0.04147,0.42432,0.40431,0.37337,0,0.11406,0.37667,0.17609,0.3953,0.30198,0.69132,0.15096,0.27,0.58408,1,0,0.47813,0.41391,0.20632,0,0.21783,0.36814,0.13534,0.46119,0,0.49539,0.02941,0,0,0,0,0,0,0,0,0,0,0,0,0,0,0,0,0,0,0,0,0
MED31,0.8878,1.3463,0.01197,0.32445,0.26454,0.19701,0.21753,0.69147,0.0302,0.35845,0.10924,0.46231,0.98142,0.40623,0.85034,0.09167,0.85679,0.30891,0,0.10772,0.07911,0.39695,1,0.53545,0.38862,0.60821,0.18918,0.34787,0.14706,0.08247,0,0,0,0,0,0,0,0,0,0,0,0,0,0,0,0,0,0,0,0
MED4,0.8348,1.4466,0.0714,0.22124,0.04278,0.34039,0.41018,0,0.42087,0.30435,0.53222,0.33399,0.8455,0.51309,0.70204,0.27657,0.31203,0.26641,0.58098,0.17934,0.21628,0.19259,0.14584,0.54336,0.47639,0.27417,0.08474,0.35995,0.03922,0.0567,0,0,0,0,0,0.34615,0,0,0,0,0,0,0,0,0,0.36667,0,0,0,0
MYCBP,1.12,1.1777,0,0.40751,0,0.10227,0.74542,0.18043,0.00154,0.34192,0.1694,0.83713,0.96815,0.22355,0.33639,0.31745,0.06778,0.26959,0.09503,0.25044,0.19066,0,0.61413,0.04912,0.80372,0.37572,0.07037,0.23238,0.02941,0.01031,0,0,0,0,0,0,0,0,0,0,0,0,0,0,0,0,0,0,0,0
MYOD1,1.6,1.2869,0.09277,0.4634,0.36099,0.55019,0.20221,0.26429,0.3561,0.29348,0.15973,0.10002,0.4787,0.16123,0.37056,0.68387,0.02965,0.55757,0.55956,0.27231,0.08873,0.08125,0.33064,0.51079,0.42767,0.39416,0.12516,0.3373,0.13725,0.18041,0,0,0,0,0,0,0,0,0,0,0,0,0,0,0,0.46667,0,0,0,0
MYOG,1.644,1.1035,0.05173,0.14776,0.30942,0.26485,0.36442,0.29112,0.3561,0.31444,0.2115,0.1906,0.75047,0.05118,0.44239,0.54416,0.12866,0.45352,0.50752,0.45621,0.32871,0.23214,0.43601,0.69502,0.44072,0.36623,0.16003,0.34608,0.11765,0.1134,0,0,0,0,0,0,0,0,0,0,0,0,0,0,0,0.36667,0,0,0,0
NEUROD1,1.0968,1.0402,0.10817,0.18491,0.19469,0.41517,0.37891,0.52171,0.23473,0.46165,0.2544,0.35306,0.50574,0.41222,0.5457,0.53743,0.13608,0.24066,0.58869,0.44226,0.00851,0.14607,0.29115,0.75365,0.47694,0.26739,1,0.24411,0.21569,0.16495,0,0,0,0.4186,0,0,0,0,0,0,0,0,0,0,0,0,0,0,0,0
NEUROG1,1.0219,1.139,0.05729,0.43568,0.29245,0.54867,0.14859,0.33243,0.32788,0.19813,0.19375,0.0155,0.69567,0.04313,0.27509,0.61911,0.03257,0.76115,0.64752,0.38502,0.00899,0.21941,0.17448,0.36784,0.43692,0.50588,0.37312,0.377,0.08824,0.14948,0,0,0,0,0,0,0,0,0,0,0,0,0,0,0.91667,0,0,0,0,0
NFKBIB,0.9232,1.2869,0.10817,0.46863,0.22714,0.65063,0.28103,0.05752,0.62773,0.46165,0.09152,0.05754,0.88294,0.13526,0.09374,0.51949,0.00629,0.35354,0.28052,0.41334,0.31051,0.2191,0.25215,0.39349,0.41124,0.14186,0.29639,0.48334,0.10784,0.13402,0,0,1,0.2093,0,0,0,0,0,0,0,0,0,0,0,0.26667,0,0,0,0
PLAUR,1.3864,0.8749,0.09919,0.01944,1,0.20369,0.2173,0.11294,0.6033,0.52563,0.2341,0.11299,0.76682,0.29689,0.63622,0.25045,0.18482,0.35927,0.42748,0.74976,0.19027,0.38806,0.23027,0.76508,0.27278,0.42584,0.07998,0.4671,0.12745,0.13918,0,0,0,0.23256,0,0,0,0,0,0.27586,0,0,0,0,0,0,0,0,0,0
RCN1,2.3171,1.2629,0.09748,0.10871,0,1,0.447,0.6149,0.31414,0.39012,0.36968,0.50165,0.56272,0.15269,0.54829,0.17695,0.07781,0.43791,0.12318,0.41718,0.31838,0.4713,0.40156,0.64372,0.80964,0.15487,0.07581,0.14043,0.28431,0.23711,0,0,0,0,0,0,0,0,0,0.44828,0,0,0,0,0,0,0,0,0,0
ROPN1,1.2047,0.7844,0.0466,0.23284,0.27245,0.19248,0.29818,0.52648,0.19111,0.16612,0.91363,0.24314,0.68034,0.36955,0.47492,0.33705,0.23453,0.33437,0.25109,0.58199,0.68304,0.36792,0.20212,0.83538,0.35872,0.42156,0.01205,0.66731,0.11765,0.09278,0,0,0,0,0,0,0,0,0,0,0,0,0,0,0,0,0,0,0,0
SDCCAG3,1.1833,0.8618,0.14194,0.2452,0.15933,0.44744,0.33326,0.47582,0.37147,0.26987,0.2545,0.25145,0.61569,0.13112,0.38559,0.34183,0.266,0.35982,0.65191,0.37663,0.37933,0.11954,0.29124,0.68281,0.46295,0.30043,0.29789,0.36193,0.2549,0.23711,0,0,0,0,0,0,0,0,0,0,0,0,0,0,0,0,0,0,0,0
SERTAD2,1.2468,1,0.09021,0.1535,0.22073,0.69806,0.20845,0.415,0.23488,0.18693,0.34959,0.27159,0.7492,0.42781,0.12396,0.51492,0.15179,0.08421,0.76878,1,0.01115,0,0.16124,0.45617,0.36715,0.16433,0.25099,0.45072,0.11765,0.07216,0,0,0,0,0,0,0,0,0,0,0,0,0,0,0,0,0,0,0,0
SLC35G1,1.0149,1.07,0.11201,0.282,0.31649,0.11286,0.06648,1,0.5407,0.06432,1,0.23867,0.68335,0.30966,0,0.29537,0.0518,0.14368,0.42131,0.543,0.81017,0.56986,0.39661,0.67665,0.12933,0.55485,0.04989,1,0.42157,0.25258,0.11111,0,0,0,0,0,0,0,0,0,0,0,0,0,0,0,0,0,0,0
SMPD2,1.0285,1.1386,0.13681,0.24512,0.24578,0.19341,0.16974,0.56351,0.52269,0.58279,0.33344,0.17292,1,0.2541,0.3242,0.26248,0.27925,0.25945,0.26814,0.38872,0.39949,0.61466,0.49814,0.84152,0.22898,0.45306,0.00785,0.6182,0.41176,0.28866,0,0,0,0,0,0,0,0,0,0.41379,0,0,0,0,0,0,0,0,0,0
SPDYE7P,0.9527,1.3207,0.04489,0.14776,0.33322,0.30083,0.3781,0.75542,0,0.22575,0.44548,0.35834,0.82733,0.4575,0.25453,0.28317,0.15405,0.72952,0.29089,0,0.37948,1,0.4074,0.70559,0.62443,0.59181,0.60559,0.43473,0.22549,0.20103,0,0,0,0,0,0,0,0,0,0,0,0,0,0,0,0,0,0,0,0
WIPI2,1.0542,1.0677,0.15006,0.3027,0.35622,0.28175,0.18255,0.48434,0.42181,0.23271,0.5904,0.26937,0.67811,0.26642,0.54112,0.22676,0.06324,0.2512,0.48433,0.631,0.4976,0.11454,0.39888,0.80924,0.29567,0.45666,0.10756,0.64515,0.30392,0.23711,0,0,0,0,0,0,0,0,0,0,0,0,0,0,0,0,0,0,0,0
YAF2,1.8668,0.942,0.03292,0.08764,0.2567,0.37919,0.2074,0.22256,0.2075,0.26087,0.04899,0.84888,0,0.26964,0.31469,0.37119,0.31203,0.41525,1,0.75147,0.49004,0.14444,0.01729,0.40228,0.62255,0.82861,0.1179,0.02782,0.01961,0.04124,0,0,0,0,0,0,0,0,0.68182,0,0,0,0,0,0,0,0,0,0,0
ZNF436,0.5278,0.5826,0.1569,0.00065,0.61445,0.17607,0.41568,0.40014,0.41957,0.89917,0.38142,0.33636,0.18942,0.07928,0.44973,0.19001,0.29018,0.47795,0.52263,0.60783,0.12626,0.22128,0.44234,0.81575,0.51163,0.45834,0.04132,0.10271,0.32353,0.31959,0,0,0,0.32558,0,0,0,0,0,0,0,0,0,0,0,0,0,0,0,0
ZNF675,0.4167,1.0452,0.1988,0.00804,0.79316,0,0.40136,0.60283,0.24743,0.70269,0.44941,1,0.2872,0.10698,0.68924,0.13656,0.14029,0.19074,0.32989,0.67572,0,0.13732,0.45347,0.65392,0.6078,0.78123,0.01721,0.15077,0.46078,0.32474,0,0,0,0,0,0,0,0,0,0,0,0,0,0,0,0,0,0,0,0
ZXDC,1.062,1.3755,0.32279,0.31803,0.33659,0.22451,0.11342,0.39649,0.68581,0.43782,0.12446,0.20397,0.60691,0.07683,0.2053,0.58557,0.22945,0.32907,0.63852,0.46661,0.34228,0.09091,0.08579,0.54683,0.24198,0.54754,0.08341,0.47145,0.36275,0.40722,0,0,0,0,0,0.34615,0,0,0,0,0,0,0,0,0,0,0,0,0,0
